[{"F:\\htmlworkspace\\demo\\index.html": "GB2312"}, {"D:\\Documents\\Downloads\\\u4eff\u4eac\u4e1c\u89e6\u5e73\u677f\u624b\u673a\u7f51\u7ad9wqptpmfasademoke01\\demo\\index.html": "GB2312"}, {"F:\\htmlworkspace\\demo\\index\\liebiao.html": "GB2312"}, {"F:\\htmlworkspace\\demo\\css\\hotel.css": "ASCII"}, {"F:\\htmlworkspace\\demo\\css\\extend.css": "ASCII"}, {"F:\\htmlworkspace\\demo\\css\\base2013.css": "ASCII"}, {"F:\\htmlworkspace\\demo\\css\\airline.css": "ASCII"}, {"F:\\htmlworkspace\\demo\\css\\2013\\ware\\view.css": "UTF-8"}, {"F:\\htmlworkspace\\demo\\css\\2013\\sale\\sale.css@v=20140114100300": "ASCII"}, {"F:\\htmlworkspace\\demo\\css\\2013\\sale\\sale.css": "ASCII"}, {"F:\\htmlworkspace\\demo\\css\\2013\\index\\index.css": "ASCII"}, {"F:\\htmlworkspace\\demo\\css\\2013\\category\\all_html5.css": "ASCII"}, {"F:\\htmlworkspace\\demo\\category\\all.html": "GB2312"}, {"F:\\htmlworkspace\\demo\\cart\\cart.action.html": "GB2312"}, {"F:\\htmlworkspace\\demo\\css\\base.css": "ASCII"}, {"F:\\htmlworkspace\\demo\\css\\chapter.css": "ASCII"}, {"D:\\Documents\\Downloads\\\u56fd\u5185\u8d2d\u7269\u7f51\u7ad9\u624b\u673a\u7248afjajkfjwqexake010904\\template\\css\\home\\index.css": "ASCII"}, {"D:\\Documents\\Downloads\\\u56fd\u5185\u8d2d\u7269\u7f51\u7ad9\u624b\u673a\u7248afjajkfjwqexake010904\\template\\css\\tuan\\tuan.css": "ASCII"}, {"D:\\Documents\\Downloads\\\u56fd\u5185\u8d2d\u7269\u7f51\u7ad9\u624b\u673a\u7248afjajkfjwqexake010904\\template\\css\\member\\about.css": "ASCII"}, {"D:\\Documents\\Downloads\\\u56fd\u5185\u8d2d\u7269\u7f51\u7ad9\u624b\u673a\u7248afjajkfjwqexake010904\\template\\css\\good\\index.css": "UTF-8"}, {"D:\\Documents\\Downloads\\\u56fd\u5185\u8d2d\u7269\u7f51\u7ad9\u624b\u673a\u7248afjajkfjwqexake010904\\template\\css\\com\\com.css": "UTF-8"}, {"D:\\Documents\\Downloads\\\u56fd\u5185\u8d2d\u7269\u7f51\u7ad9\u624b\u673a\u7248afjajkfjwqexake010904\\template\\css\\cart\\index.css": "ASCII"}, {"D:\\Documents\\Downloads\\\u56fd\u5185\u8d2d\u7269\u7f51\u7ad9\u624b\u673a\u7248afjajkfjwqexake010904\\index.html": "UTF-8"}, {"D:\\Documents\\Downloads\\\u79d1\u8681\u7f51\u624b\u673a\u7f51\u7ad9\u6a21\u7248demokioerop02\\css\\swipebox.css": "ASCII"}, {"D:\\Documents\\Downloads\\\u79d1\u8681\u7f51\u624b\u673a\u7f51\u7ad9\u6a21\u7248demokioerop02\\css\\style.css": "ASCII"}, {"D:\\Documents\\Downloads\\\u79d1\u8681\u7f51\u624b\u673a\u7f51\u7ad9\u6a21\u7248demokioerop02\\index.html": "UTF-8"}, {"F:\\resourceCode\\\u79d1\u8681\u7f51\u624b\u673a\u7f51\u7ad9\u6a21\u7248demosdfl01\\style\\root.css": "ASCII"}, {"F:\\resourceCode\\\u79d1\u8681\u7f51\u624b\u673a\u7f51\u7ad9\u6a21\u7248demosdfl01\\style\\reset.css": "ASCII"}, {"F:\\resourceCode\\\u79d1\u8681\u7f51\u624b\u673a\u7f51\u7ad9\u6a21\u7248demosdfl01\\articles.html": "UTF-8"}, {"F:\\resourceCode\\\u79d1\u8681\u7f51\u624b\u673a\u7f51\u7ad9\u6a21\u7248demosdfl01\\index.html": "UTF-8"}, {"F:\\htmlworkspace\\demo\\promotion\\3.html": "GB2312"}, {"F:\\htmlworkspace\\demo\\promotion\\2.html": "GB2312"}, {"F:\\htmlworkspace\\demo\\promotion\\1.html": "GB2312"}, {"F:\\htmlworkspace\\demo\\\u4f7f\u7528\u8bf4\u660e.txt": "GB2312"}, {"F:\\shop_muke_01\\README.md": "UTF-8"}, {"F:\\shop_muke_01\\subtest.txt": "ASCII"}, {"F:\\app_7.10\\css\\style.css": "UTF-8"}, {"F:\\happyto\\\u4ea7\u54c1\u4e2d\u5fc3\\\u524d\u7aef\u5f00\u53d1\\\u9759\u6001\u9875\u9762\\APP\\app_7.10\\page_i.html": "UTF-8"}, {"C:\\Users\\Administrator\\Desktop\\test.js": "ASCII"}, {"D:\\Program Files (x86)\\Sublime Text 3\\Data\\Packages\\HTML-CSS-JS Prettify\\HTMLPrettify.sublime-settings": "ASCII"}, {"D:\\Program Files (x86)\\Sublime Text 3\\Data\\Packages\\Default\\Preferences.sublime-settings": "ASCII"}, {"D:\\Program Files (x86)\\Sublime Text 3\\Data\\Packages\\User\\Preferences.sublime-settings": "ASCII"}, {"F:\\html\\demo\\absolute.css": "ASCII"}, {"F:\\resourceCode\\\u4eff\u4eac\u4e1c\u89e6\u5e73\u677f\u624b\u673a\u7f51\u7ad9wqptpmfasademoke01\\demo\\index.html": "GB2312"}, {"D:\\Program Files (x86)\\Sublime Text 3\\Data\\Packages\\Default\\Default (Windows).sublime-keymap": "ASCII"}, {"F:\\happyto\\\u4ea7\u54c1\u4e2d\u5fc3\\\u524d\u7aef\u5f00\u53d1\\\u9759\u6001\u9875\u9762\\APP\\app_7.10\\order_detail.html": "UTF-8"}, {"C:\\Users\\ADMINI~1\\AppData\\Local\\Temp\\360zip$Temp\\360$2\\index.html": "UTF-8"}, {"F:\\happyto\\\u4ea7\u54c1\u4e2d\u5fc3\\\u524d\u7aef\u5f00\u53d1\\\u9759\u6001\u9875\u9762\\APP\\app_7.10\\member.html": "UTF-8"}, {"F:\\html\\demo\\absolute_top.html": "UTF-8"}, {"F:\\happyto\\\u4ea7\u54c1\u4e2d\u5fc3\\\u524d\u7aef\u5f00\u53d1\\\u9759\u6001\u9875\u9762\\APP\\app_7.10\\js\\jquery-1.11.1.min.js": "ASCII"}, {"F:\\happyto\\\u4ea7\u54c1\u4e2d\u5fc3\\\u524d\u7aef\u5f00\u53d1\\\u9759\u6001\u9875\u9762\\APP\\app_7.10\\need_check.html": "UTF-8"}, {"F:\\happyto\\\u4e09\u82f1\u7279html\\B\u7aef\\\u72ec\u7acb\u5e97\u94fa\\demo.html": "UTF-8"}, {"F:\\happyto\\\u4e09\u82f1\u7279html\\B\u7aef\\\u72ec\u7acb\u5e97\u94fa\\css\\index.css": "UTF-8"}, {"F:\\happyto\\\u4e09\u82f1\u7279html\\B\u7aef\\\u72ec\u7acb\u5e97\u94fa\\css\\head.css": "UTF-8"}, {"F:\\happyto\\\u4e09\u82f1\u7279html\\B\u7aef\\\u72ec\u7acb\u5e97\u94fa\\css\\style.css": "ASCII"}, {"F:\\happyto\\\u4e09\u82f1\u7279html\\B\u7aef\\\u72ec\u7acb\u5e97\u94fa\\index.html": "UTF-8"}, {"F:\\happyto\\\u4ea7\u54c1\u4e2d\u5fc3\\\u524d\u7aef\u5f00\u53d1\\\u9759\u6001\u9875\u9762\\APP\\app_7.10\\payment.html": "UTF-8"}, {"F:\\happyto\\\u4ea7\u54c1\u4e2d\u5fc3\\\u524d\u7aef\u5f00\u53d1\\\u9759\u6001\u9875\u9762\\APP\\app_7.10\\js\\live-index.js": "UTF-8"}, {"F:\\resourceCode\\\u4eff\u4eac\u4e1c\u89e6\u5e73\u677f\u624b\u673a\u7f51\u7ad9wqptpmfasademoke01\\demo\\css\\airline.css": "ASCII"}, {"F:\\resourceCode\\\u4eff\u4eac\u4e1c\u89e6\u5e73\u677f\u624b\u673a\u7f51\u7ad9wqptpmfasademoke01\\demo\\css\\base.css": "ASCII"}, {"F:\\resourceCode\\\u4eff\u4eac\u4e1c\u89e6\u5e73\u677f\u624b\u673a\u7f51\u7ad9wqptpmfasademoke01\\demo\\css\\base2013.css": "ASCII"}, {"F:\\resourceCode\\\u4eff\u4eac\u4e1c\u89e6\u5e73\u677f\u624b\u673a\u7f51\u7ad9wqptpmfasademoke01\\demo\\css\\chapter.css": "ASCII"}, {"F:\\resourceCode\\\u4eff\u4eac\u4e1c\u89e6\u5e73\u677f\u624b\u673a\u7f51\u7ad9wqptpmfasademoke01\\demo\\css\\extend.css": "ASCII"}, {"F:\\resourceCode\\\u4eff\u4eac\u4e1c\u89e6\u5e73\u677f\u624b\u673a\u7f51\u7ad9wqptpmfasademoke01\\demo\\css\\hotel.css": "ASCII"}, {"F:\\happyto\\\u4ea7\u54c1\u4e2d\u5fc3\\\u524d\u7aef\u5f00\u53d1\\\u9759\u6001\u9875\u9762\\APP\\app_7.10\\page_order.html": "UTF-8"}, {"F:\\happyto\\\u4ea7\u54c1\u4e2d\u5fc3\\\u524d\u7aef\u5f00\u53d1\\\u9759\u6001\u9875\u9762\\APP\\app_7.10\\css\\style.css": "UTF-8"}, {"F:\\\u4ea7\u54c1\u8bbe\u8ba1\\7.10\u7248\u672c\\\u57ce\u5e02\u751f\u6d3b\u5708\\\u57ce\u5e02\u751f\u6d3b\u5708\\index.html": "UTF-8"}, {"F:\\\u4ea7\u54c1\u8bbe\u8ba1\\7.10\u7248\u672c\\\u57ce\u5e02\u751f\u6d3b\u5708\\\u57ce\u5e02\u751f\u6d3b\u5708\\css\\c-style.css": "UTF-8"}, {"F:\\\u4ea7\u54c1\u8bbe\u8ba1\\7.10\u7248\u672c\\c\u7aef\u524d\u53f0\u4ee3\u7801\\c-line\\css\\line-index.css": "UTF-8"}, {"F:\\\u4ea7\u54c1\u8bbe\u8ba1\\7.10\u7248\u672c\\c\u7aef\u524d\u53f0\u4ee3\u7801\\c-line\\css\\c-style.css": "UTF-8"}, {"F:\\coding\\\u5238\u5546\u57ce\\index.html": "UTF-8"}, {"F:\\\u4ea7\u54c1\u8bbe\u8ba1\\7.10\u7248\u672c\\\u57ce\u5e02\u751f\u6d3b\u5708\\\u57ce\u5e02\u751f\u6d3b\u5708\\css\\live-index.css": "UTF-8"}, {"F:\\\u4ea7\u54c1\u8bbe\u8ba1\\7.10\u7248\u672c\\c\u7aef\u524d\u53f0\u4ee3\u7801\\c-line\\index.html": "UTF-8"}, {"D:\\Documents\\Downloads\\node-v0.12.7\\node-v0.12.7\\src\\node.js": "ASCII"}, {"F:\\resourceCode\\\u4eff\u4eac\u4e1c\u89e6\u5e73\u677f\u624b\u673a\u7f51\u7ad9wqptpmfasademoke01\\demo\\css\\2013\\index\\index.css": "ASCII"}, {"F:\\coding\\\u751f\u6d3b\u5708\u8be6\u60c5\u9875\\detail_live.html": "UTF-8"}, {"F:\\coding\\\u751f\u6d3b\u5708\u8be6\u60c5\u9875\\detail_dis.html": "UTF-8"}, {"F:\\resourceCode\\\u4eff\u4eac\u4e1c\u89e6\u5e73\u677f\u624b\u673a\u7f51\u7ad9wqptpmfasademoke01\\demo\\\u4f7f\u7528\u8bf4\u660e.txt": "GB2312"}, {"F:\\happyto\\\u4ea7\u54c1\u4e2d\u5fc3\\\u524d\u7aef\u5f00\u53d1\\\u9759\u6001\u9875\u9762\\APP\\app\u754c\u9762\\page_i.html": "UTF-8"}, {"F:\\happyto\\\u4ea7\u54c1\u4e2d\u5fc3\\\u524d\u7aef\u5f00\u53d1\\\u9759\u6001\u9875\u9762\\APP\\app\u754c\u9762\\js\\live-index.js": "UTF-8"}, {"F:\\\u4ea7\u54c1\u8bbe\u8ba1\\7.10\u7248\u672c\\c\u7aef\u524d\u53f0\u4ee3\u7801\\c-line\\js\\line-index.js": "UTF-8"}, {"F:\\happyto\\\u4ea7\u54c1\u4e2d\u5fc3\\\u524d\u7aef\u5f00\u53d1\\\u9759\u6001\u9875\u9762\\APP\\app\u754c\u9762\\css\\style.css": "UTF-8"}, {"F:\\happyto\\\u4e09\u82f1\u7279html\\\u79fb\u52a8\u7aef\\app\u754c\u9762\\page_i.html": "UTF-8"}, {"F:\\happyto\\\u4e09\u82f1\u7279html\\\u79fb\u52a8\u7aef\\app\u754c\u9762\\css\\style.css": "UTF-8"}, {"E:\\eclipse_project_other\\cct9k-happyto\\cct9k-happyto-webapp\\src\\main\\webapp\\resources\\front\\citylifecircle\\css\\i-want-to-review.css": "UTF-8"}, {"F:\\coding\\\u751f\u6d3b\u5708\u8be6\u60c5\u9875\\js\\placeholder.js": "UTF-8"}, {"F:\\coding\\\u751f\u6d3b\u5708\u8be6\u60c5\u9875\\css\\list_ncp.css": "ASCII"}, {"F:\\coding\\\u751f\u6d3b\u5708\u8be6\u60c5\u9875\\js\\live-detail.js": "UTF-8"}, {"F:\\happyto\\\u4e09\u82f1\u7279html\\C\u7aef\\4\u6708\u524d\\\u519c\u4ea7\u54c1\u8be6\u60c5\u9875\\detail_ncp.html": "UTF-8"}, {"F:\\\u4ea7\u54c1\u8bbe\u8ba1\\B\u7aef\u9996\u9875\\test2.html": "UTF-8"}, {"F:\\\u4ea7\u54c1\u8bbe\u8ba1\\B\u7aef\u9996\u9875\\text.html": "UTF-8"}, {"F:\\coding\\\u751f\u6d3b\u5708\u8be6\u60c5\u9875\\css\\search_ncp.css": "ASCII"}, {"F:\\coding\\\u751f\u6d3b\u5708\u8be6\u60c5\u9875\\css\\detail_ncp.css": "ASCII"}, {"F:\\coding\\\u751f\u6d3b\u5708\u8be6\u60c5\u9875\\detail_ncp.html": "UTF-8"}, {"F:\\coding\\\u751f\u6d3b\u5708\u8be6\u60c5\u9875\\css\\base.css": "UTF-8"}, {"F:\\\u4ea7\u54c1\u8bbe\u8ba1\\B\u7aef\u9996\u9875\\cds-line.html": "UTF-8"}, {"F:\\\u4ea7\u54c1\u8bbe\u8ba1\\7.10\u7248\u672c\\\u57ce\u5e02\u751f\u6d3b\u5708\\\u57ce\u5e02\u751f\u6d3b\u5708\\js\\jquery.SuperSlide.2.1.1.js": "UTF-8"}, {"F:\\\u4ea7\u54c1\u8bbe\u8ba1\\7.10\u7248\u672c\\\u57ce\u5e02\u751f\u6d3b\u5708\\\u57ce\u5e02\u751f\u6d3b\u5708\\js\\sen-index.js": "UTF-8"}, {"F:\\coding\\\u5238\u5546\u57ce\\test.html": "UTF-8"}, {"F:\\coding\\\u751f\u6d3b\u5708\\css\\index.css": "UTF-8"}]